{"accuracy": [0.360326886177063, 0.3841010332107544, 0.38855868577957153, 0.4011887013912201, 0.38112926483154297, 0.41010400652885437, 0.42942050099372864, 0.44427934288978577, 0.4383358061313629, 0.4569093585014343, 0.4078751802444458, 0.43759286403656006, 0.4487369954586029, 0.46359583735466003, 0.43610697984695435, 0.4338781535625458, 0.4502228796482086, 0.4866270422935486, 0.4866270422935486, 0.4739970266819, 0.49777117371559143, 0.4725111424922943, 0.48885586857795715, 0.48736998438835144, 0.5141158699989319, 0.5111441016197205, 0.5096582174301147, 0.5237741470336914, 0.5141158699989319, 0.49925705790519714, 0.5096582174301147], "loss": [11.738874435424805, 7.927816867828369, 5.852665424346924, 3.562627077102661, 2.5391409397125244, 1.9319759607315063, 1.744979739189148, 1.5709954500198364, 1.579959511756897, 1.5404248237609863, 1.6584614515304565, 1.501367211341858, 1.5591299533843994, 1.5551913976669312, 1.537625789642334, 1.5866708755493164, 1.4967973232269287, 1.4572316408157349, 1.4469105005264282, 1.4318535327911377, 1.4060496091842651, 1.5840171575546265, 1.4117708206176758, 1.3570996522903442, 1.3932921886444092, 1.381237506866455, 1.45884370803833, 1.3119882345199585, 1.3550240993499756, 1.481181025505066, 1.3996831178665161], "val_accuracy": [0.26865673065185547, 0.3104477524757385, 0.27462685108184814, 0.27462685108184814, 0.3074626922607422, 0.42686566710472107, 0.33134329319000244, 0.3343283534049988, 0.4507462680339813, 0.42388060688972473, 0.5492537021636963, 0.5910447835922241, 0.48955222964286804, 0.5820895433425903, 0.5522388219833374, 0.3373134434223175, 0.4567164182662964, 0.5582089424133301, 0.579104483127594, 0.41492536664009094, 0.5611940026283264, 0.5850746035575867, 0.5880597233772278, 0.6000000238418579, 0.579104483127594, 0.6000000238418579, 0.5223880410194397, 0.4507462680339813, 0.5402985215187073, 0.5850746035575867, 0.5761194229125977], "val_loss": [12.251145362854004, 4.753807544708252, 4.694967269897461, 3.7717084884643555, 3.1590473651885986, 1.5708824396133423, 2.0009117126464844, 2.396059513092041, 1.5937700271606445, 1.6257542371749878, 1.2220441102981567, 1.1763546466827393, 1.3702791929244995, 1.1585828065872192, 1.189237117767334, 1.6082112789154053, 1.6951044797897339, 1.2077215909957886, 1.1148195266723633, 1.615247368812561, 1.2726078033447266, 1.1113855838775635, 1.1667654514312744, 1.1109591722488403, 1.1935129165649414, 1.1025550365447998, 1.3230992555618286, 1.5068944692611694, 1.2739001512527466, 1.1877036094665527, 1.1531215906143188]}