{"accuracy": [0.21025259792804718, 0.2251114398241043, 0.24814264476299286, 0.2578008770942688, 0.2748885452747345], "loss": [7.789670467376709, 6.66684627532959, 5.830482482910156, 5.194332599639893, 4.655608177185059], "val_accuracy": [0.35820895433425903, 0.3761194050312042, 0.3373134434223175, 0.37910446524620056, 0.3641791045665741], "val_loss": [6.926566123962402, 6.081430912017822, 5.395140647888184, 4.840325355529785, 4.380722522735596]}